<?xml version="1.0"?>
<doc>
    <assembly>
        <name>ZXing.ImageSharp</name>
    </assembly>
    <members>
        <member name="T:ZXing.ImageSharp.Rendering.ImageSharpRenderer`1">
            <summary>
            IBarcodeRenderer implementation which creates an ImageSharp Image object from the barcode BitMatrix
            </summary>
        </member>
        <member name="P:ZXing.ImageSharp.Rendering.ImageSharpRenderer`1.Foreground">
            <summary>
            Gets or sets the foreground color.
            </summary>
            <value>The foreground color.</value>
        </member>
        <member name="P:ZXing.ImageSharp.Rendering.ImageSharpRenderer`1.Background">
            <summary>
            Gets or sets the background color.
            </summary>
            <value>The background color.</value>
        </member>
        <member name="M:ZXing.ImageSharp.Rendering.ImageSharpRenderer`1.#ctor">
            <summary>
            Initializes a new instance of the <see cref="T:ZXing.ImageSharp.Rendering.ImageSharpRenderer`1"/> class.
            </summary>
        </member>
        <member name="M:ZXing.ImageSharp.Rendering.ImageSharpRenderer`1.Render(ZXing.Common.BitMatrix,ZXing.BarcodeFormat,System.String)">
            <summary>
            renders the image
            </summary>
            <param name="matrix"></param>
            <param name="format"></param>
            <param name="content"></param>
            <returns></returns>
        </member>
        <member name="M:ZXing.ImageSharp.Rendering.ImageSharpRenderer`1.Render(ZXing.Common.BitMatrix,ZXing.BarcodeFormat,System.String,ZXing.Common.EncodingOptions)">
            <summary>
            renders the image
            </summary>
            <param name="matrix"></param>
            <param name="format"></param>
            <param name="content"></param>
            <param name="options"></param>
            <returns></returns>
        </member>
        <member name="T:ZXing.ImageSharp.ImageSharpLuminanceSource`1">
            <summary>
            specific implementation of a luminance source which can be used with ImageSharp Image objects
            </summary>
        </member>
        <member name="M:ZXing.ImageSharp.ImageSharpLuminanceSource`1.#ctor(System.Int32,System.Int32)">
            <summary>
            Initializes a new instance of the <see cref="T:ZXing.ImageSharp.ImageSharpLuminanceSource`1"/> class.
            </summary>
            <param name="width">The width.</param>
            <param name="height">The height.</param>
        </member>
        <member name="M:ZXing.ImageSharp.ImageSharpLuminanceSource`1.#ctor(SixLabors.ImageSharp.Image{`0})">
            <summary>
            Initializes a new instance of the <see cref="T:ZXing.ImageSharp.ImageSharpLuminanceSource`1"/> class
            with the image of a Bitmap instance
            </summary>
            <param name="bitmap">The bitmap.</param>
        </member>
        <member name="M:ZXing.ImageSharp.ImageSharpLuminanceSource`1.CreateLuminanceSource(System.Byte[],System.Int32,System.Int32)">
            <summary>
            Should create a new luminance source with the right class type.
            The method is used in methods crop and rotate.
            </summary>
            <param name="newLuminances">The new luminances.</param>
            <param name="width">The width.</param>
            <param name="height">The height.</param>
            <returns></returns>
        </member>
        <member name="T:ZXing.ImageSharp.BarcodeWriter`1">
            <summary>
            barcode writer which creates ImageSharp Image instances
            </summary>
        </member>
        <member name="M:ZXing.ImageSharp.BarcodeWriter`1.#ctor">
            <summary>
            contructor
            </summary>
        </member>
        <member name="T:ZXing.ImageSharp.BarcodeReader`1">
            <summary>
            specific implementation of a barcode reader which can be used with ImageSharp ImageBase objects
            </summary>
        </member>
        <member name="M:ZXing.ImageSharp.BarcodeReader`1.#ctor">
            <summary>
            Initializes a new instance of the <see cref="T:ZXing.ImageSharp.BarcodeReader`1"/> class.
            </summary>
        </member>
        <member name="M:ZXing.ImageSharp.BarcodeReader`1.#ctor(ZXing.Reader,System.Func{SixLabors.ImageSharp.Image{`0},ZXing.LuminanceSource},System.Func{ZXing.LuminanceSource,ZXing.Binarizer})">
            <summary>
            Initializes a new instance of the <see cref="T:ZXing.ImageSharp.BarcodeReader`1"/> class.
            </summary>
            <param name="reader">Sets the reader which should be used to find and decode the barcode.
            If null then MultiFormatReader is used</param>
            <param name="createLuminanceSource">Sets the function to create a luminance source object for a bitmap.
            If null, an exception is thrown when Decode is called</param>
            <param name="createBinarizer">Sets the function to create a binarizer object for a luminance source.
            If null then HybridBinarizer is used</param>
        </member>
        <member name="M:ZXing.ImageSharp.BarcodeReader`1.#ctor(ZXing.Reader,System.Func{SixLabors.ImageSharp.Image{`0},ZXing.LuminanceSource},System.Func{ZXing.LuminanceSource,ZXing.Binarizer},System.Func{System.Byte[],System.Int32,System.Int32,ZXing.RGBLuminanceSource.BitmapFormat,ZXing.LuminanceSource})">
            <summary>
            Initializes a new instance of the <see cref="T:ZXing.ImageSharp.BarcodeReader`1"/> class.
            </summary>
            <param name="reader">Sets the reader which should be used to find and decode the barcode.
            If null then MultiFormatReader is used</param>
            <param name="createLuminanceSource">Sets the function to create a luminance source object for a bitmap.
            If null, an exception is thrown when Decode is called</param>
            <param name="createBinarizer">Sets the function to create a binarizer object for a luminance source.
            If null then HybridBinarizer is used</param>
            <param name="createRGBLuminanceSource">Sets the function to create a luminance source object for a rgb raw byte array.</param>
        </member>
        <member name="T:ZXing.BarcodeWriterExtensions">
            <summary>
            extensions methods which are working directly on any BarcodeWriterGeneric implementation
            </summary>
        </member>
        <member name="M:ZXing.BarcodeWriterExtensions.WriteAsImageSharp``1(ZXing.IBarcodeWriterGeneric,System.String)">
            <summary>
            uses the BarcodeWriterGeneric implementation and the <see cref="T:ZXing.ImageSharp.Rendering.ImageSharpRenderer`1"/> class for decoding
            </summary>
            <param name="writer"></param>
            <param name="content"></param>
            <returns></returns>
        </member>
        <member name="T:ZXing.BarcodeReaderExtensions">
            <summary>
            extensions methods which are working directly on any IBarcodeReaderGeneric implementation
            </summary>
        </member>
        <member name="M:ZXing.BarcodeReaderExtensions.Decode``1(ZXing.IBarcodeReaderGeneric,SixLabors.ImageSharp.Image{``0})">
            <summary>
            uses the IBarcodeReaderGeneric implementation and the <see cref="T:ZXing.ImageSharp.ImageSharpLuminanceSource`1"/> class for decoding
            </summary>
            <param name="reader"></param>
            <param name="image"></param>
            <returns></returns>
        </member>
        <member name="M:ZXing.BarcodeReaderExtensions.DecodeMultiple``1(ZXing.IBarcodeReaderGeneric,SixLabors.ImageSharp.Image{``0})">
            <summary>
            uses the IBarcodeReaderGeneric implementation and the <see cref="T:ZXing.ImageSharp.ImageSharpLuminanceSource`1"/> class for decoding
            </summary>
            <param name="reader"></param>
            <param name="image"></param>
            <returns></returns>
        </member>
    </members>
</doc>
