<?xml version="1.0"?>
<doc>
    <assembly>
        <name>ZXing.Magick</name>
    </assembly>
    <members>
        <member name="T:ZXing.Magick.BarcodeWriter`1">
            <summary>
            barcode writer which creates Magick.NET Image instances
            </summary>
        </member>
        <member name="M:ZXing.Magick.BarcodeWriter`1.#ctor(ImageMagick.IMagickImageFactory{`0})">
            <summary>
            contructor
            </summary>
        </member>
        <member name="T:ZXing.Magick.Rendering.MagickImageRenderer`1">
            <summary>
            renderer class which generates a <see cref="T:ImageMagick.IMagickImage`1"/> from a BitMatrix
            </summary>
        </member>
        <member name="M:ZXing.Magick.Rendering.MagickImageRenderer`1.#ctor(ImageMagick.IMagickImageFactory{`0})">
            <summary>
            constructor, which can be used with a special implementation of <see cref="T:ImageMagick.IMagickImageFactory`1"/>.
            </summary>
            <param name="magickImageFactory"></param>
        </member>
        <member name="M:ZXing.Magick.Rendering.MagickImageRenderer`1.Render(ZXing.Common.BitMatrix,ZXing.BarcodeFormat,System.String)">
            <summary>
            renders the BitMatrix as <see cref="T:ImageMagick.IMagickImage`1"/>
            </summary>
            <param name="matrix"></param>
            <param name="format"></param>
            <param name="content"></param>
            <returns></returns>
        </member>
        <member name="M:ZXing.Magick.Rendering.MagickImageRenderer`1.Render(ZXing.Common.BitMatrix,ZXing.BarcodeFormat,System.String,ZXing.Common.EncodingOptions)">
            <summary>
            renders the BitMatrix as <see cref="T:ImageMagick.IMagickImage`1"/>
            </summary>
            <param name="matrix"></param>
            <param name="format"></param>
            <param name="content"></param>
            <param name="options"></param>
            <returns></returns>
        </member>
        <member name="T:ZXing.Magick.BarcodeReader">
            <summary>
            a barcode reader class which can be used with the Mat type from OpenCVSharp
            </summary>
        </member>
        <member name="F:ZXing.Magick.BarcodeReader.defaultCreateLuminanceSource">
            <summary>
            define a custom function for creation of a luminance source with our specialized MagickImage-supporting class
            </summary>
        </member>
        <member name="M:ZXing.Magick.BarcodeReader.#ctor">
            <summary>
            constructor which uses a custom luminance source with Mat support
            </summary>
        </member>
        <member name="T:ZXing.Magick.MagickImageLuminanceSource">
            <summary>
            A luminance source class which consumes a MagickImage image from ImageMagick and calculates the luminance values based on the bytes of the image
            </summary>
        </member>
        <member name="M:ZXing.Magick.MagickImageLuminanceSource.#ctor(ImageMagick.IMagickImage)">
            <summary>
            initializing constructor
            </summary>
            <param name="image"></param>
        </member>
        <member name="M:ZXing.Magick.MagickImageLuminanceSource.#ctor(System.Byte[],System.Int32,System.Int32)">
            <summary>
            internal constructor used by CreateLuminanceSource
            </summary>
            <param name="luminances"></param>
            <param name="width"></param>
            <param name="height"></param>
        </member>
        <member name="M:ZXing.Magick.MagickImageLuminanceSource.CreateLuminanceSource(System.Byte[],System.Int32,System.Int32)">
            <summary>
            Should create a new luminance source with the right class type.
            The method is used in methods crop and rotate.
            </summary>
            <param name="newLuminances">The new luminances.</param>
            <param name="width">The width.</param>
            <param name="height">The height.</param>
            <returns></returns>
        </member>
        <member name="T:ZXing.BarcodeWriterExtensions">
            <summary>
            extensions methods which are working directly on any BarcodeWriterGeneric implementation
            </summary>
        </member>
        <member name="M:ZXing.BarcodeWriterExtensions.WriteAsMagickImage``1(ZXing.IBarcodeWriterGeneric,ImageMagick.IMagickImageFactory{``0},System.String)">
            <summary>
            uses the BarcodeWriterGeneric implementation and the <see cref="T:ZXing.Magick.Rendering.MagickImageRenderer`1"/> class for decoding
            </summary>
            <param name="writer"></param>
            <param name="magickImageFactory"></param>
            <param name="content"></param>
            <returns></returns>
        </member>
        <member name="T:ZXing.BarcodeReaderExtensions">
            <summary>
            extensions methods which are working directly on any IBarcodeReaderGeneric implementation
            </summary>
        </member>
        <member name="M:ZXing.BarcodeReaderExtensions.Decode(ZXing.IBarcodeReaderGeneric,ImageMagick.IMagickImage)">
            <summary>
            uses the IBarcodeReaderGeneric implementation and the <see cref="T:ZXing.Magick.MagickImageLuminanceSource"/> class for decoding
            </summary>
            <param name="reader"></param>
            <param name="image"></param>
            <returns></returns>
        </member>
        <member name="M:ZXing.BarcodeReaderExtensions.DecodeMultiple(ZXing.IBarcodeReaderGeneric,ImageMagick.IMagickImage)">
            <summary>
            uses the IBarcodeReaderGeneric implementation and the <see cref="T:ZXing.Magick.MagickImageLuminanceSource"/> class for decoding
            </summary>
            <param name="reader"></param>
            <param name="image"></param>
            <returns></returns>
        </member>
    </members>
</doc>
