<?xml version="1.0"?>
<doc>
    <assembly>
        <name>zxing.monoandroid</name>
    </assembly>
    <members>
        <member name="T:ZXing.Android.BarcodeReader">
            <summary>
            A smart class to decode the barcode inside a bitmap object
            </summary>
        </member>
        <member name="M:ZXing.Android.BarcodeReader.#ctor">
            <summary>
            Initializes a new instance of the <see cref="T:ZXing.Android.BarcodeReader"/> class.
            </summary>
        </member>
        <member name="M:ZXing.Android.BarcodeReader.#ctor(ZXing.Reader,System.Func{Android.Graphics.Bitmap,ZXing.LuminanceSource},System.Func{ZXing.LuminanceSource,ZXing.Binarizer})">
            <summary>
            Initializes a new instance of the <see cref="T:ZXing.Android.BarcodeReader"/> class.
            </summary>
            <param name="reader">Sets the reader which should be used to find and decode the barcode.
            If null then MultiFormatReader is used</param>
            <param name="createLuminanceSource">Sets the function to create a luminance source object for a bitmap.
            If null, an exception is thrown when Decode is called</param>
            <param name="createBinarizer">Sets the function to create a binarizer object for a luminance source.
            If null then HybridBinarizer is used</param>
        </member>
        <member name="M:ZXing.Android.BarcodeReader.#ctor(ZXing.Reader,System.Func{Android.Graphics.Bitmap,ZXing.LuminanceSource},System.Func{ZXing.LuminanceSource,ZXing.Binarizer},System.Func{System.Byte[],System.Int32,System.Int32,ZXing.RGBLuminanceSource.BitmapFormat,ZXing.LuminanceSource})">
            <summary>
            Initializes a new instance of the <see cref="T:ZXing.Android.BarcodeReader"/> class.
            </summary>
            <param name="reader">Sets the reader which should be used to find and decode the barcode.
            If null then MultiFormatReader is used</param>
            <param name="createLuminanceSource">Sets the function to create a luminance source object for a bitmap.
            If null, an exception is thrown when Decode is called</param>
            <param name="createBinarizer">Sets the function to create a binarizer object for a luminance source.
            If null then HybridBinarizer is used</param>
            <param name="createRGBLuminanceSource">Sets the function to create a luminance source object for a rgb raw byte array.</param>
        </member>
        <member name="T:ZXing.Android.BarcodeWriter">
            <summary>
            A smart class to encode some content to a barcode image
            </summary>
        </member>
        <member name="M:ZXing.Android.BarcodeWriter.#ctor">
            <summary>
            Initializes a new instance of the <see cref="T:ZXing.Android.BarcodeWriter"/> class.
            </summary>
        </member>
        <member name="T:ZXing.Android.IBarcodeReader">
            <summary>
            Interface for a smart class to decode the barcode inside a bitmap object
            </summary>
            <summary>
            Interface for a smart class to decode multiple barcodes inside a bitmap object
            </summary>
        </member>
        <member name="M:ZXing.Android.IBarcodeReader.Decode(Android.Graphics.Bitmap)">
            <summary>
            Decodes the specified barcode bitmap.
            </summary>
            <param name="barcodeImage">The barcode bitmap.</param>
            <returns>the result data or null</returns>
        </member>
        <member name="M:ZXing.Android.IBarcodeReader.DecodeMultiple(Android.Graphics.Bitmap)">
            <summary>
            Decodes the specified barcode bitmap.
            </summary>
            <param name="barcodeImage">The barcode bitmap.</param>
            <returns>the result data or null</returns>
        </member>
        <member name="T:ZXing.Android.IBarcodeWriter">
            <summary>
            Interface for a smart class to encode some content into a barcode
            </summary>
        </member>
        <member name="M:ZXing.Android.IBarcodeWriter.Write(System.String)">
            <summary>
            Creates a visual representation of the contents
            </summary>
        </member>
        <member name="M:ZXing.Android.IBarcodeWriter.Write(ZXing.Common.BitMatrix)">
            <summary>
            Returns a rendered instance of the barcode which is given by a BitMatrix.
            </summary>
        </member>
        <member name="T:ZXing.Android.Rendering.PixelDataExtensions">
            <summary>
            extension method converting pixeldata to Android.Graphics.Bitmap
            </summary>
        </member>
        <member name="M:ZXing.Android.Rendering.PixelDataExtensions.ToBitmap(ZXing.Rendering.PixelData)">
            <summary>
            converts the pixel data to a bitmap object
            </summary>
            <returns></returns>
        </member>
        <member name="T:ZXing.Android.Rendering.BitmapRenderer">
            <summary>
            Renders a <see cref="T:ZXing.Common.BitMatrix" /> to a <see cref="T:Android.Graphics.Bitmap" /> image
            </summary>
        </member>
        <member name="P:ZXing.Android.Rendering.BitmapRenderer.Foreground">
            <summary>
            Gets or sets the foreground color.
            </summary>
            <value>The foreground color.</value>
        </member>
        <member name="P:ZXing.Android.Rendering.BitmapRenderer.Background">
            <summary>
            Gets or sets the background color.
            </summary>
            <value>The background color.</value>
        </member>
        <member name="M:ZXing.Android.Rendering.BitmapRenderer.#ctor">
            <summary>
            Initializes a new instance of the <see cref="T:ZXing.Android.Rendering.BitmapRenderer"/> class.
            </summary>
        </member>
        <member name="M:ZXing.Android.Rendering.BitmapRenderer.Render(ZXing.Common.BitMatrix,ZXing.BarcodeFormat,System.String)">
            <summary>
            Renders the specified matrix.
            </summary>
            <param name="matrix">The matrix.</param>
            <param name="format">The format.</param>
            <param name="content">The content.</param>
            <returns></returns>
        </member>
        <member name="M:ZXing.Android.Rendering.BitmapRenderer.Render(ZXing.Common.BitMatrix,ZXing.BarcodeFormat,System.String,ZXing.Common.EncodingOptions)">
            <summary>
            Renders the specified matrix.
            </summary>
            <param name="matrix">The matrix.</param>
            <param name="format">The format.</param>
            <param name="content">The content.</param>
            <param name="options">The options.</param>
            <returns></returns>
        </member>
        <member name="T:ZXing.BarcodeReaderExtensions">
            <summary>
            extensions methods which are working directly on any IBarcodeReaderGeneric implementation
            </summary>
        </member>
        <member name="M:ZXing.BarcodeReaderExtensions.Decode(ZXing.IBarcodeReaderGeneric,Android.Graphics.Bitmap)">
            <summary>
            uses the IBarcodeReaderGeneric implementation and the <see cref="T:ZXing.BitmapLuminanceSource"/> class for decoding
            </summary>
            <param name="reader"></param>
            <param name="bitmap"></param>
            <returns></returns>
        </member>
        <member name="M:ZXing.BarcodeReaderExtensions.DecodeMultiple(ZXing.IBarcodeReaderGeneric,Android.Graphics.Bitmap)">
            <summary>
            uses the IBarcodeReaderGeneric implementation and the <see cref="T:ZXing.BitmapLuminanceSource"/> class for decoding
            </summary>
            <param name="reader"></param>
            <param name="bitmap"></param>
            <returns></returns>
        </member>
        <member name="T:ZXing.BarcodeWriterExtensions">
            <summary>
            extensions methods which are working directly on any BarcodeWriterGeneric implementation
            </summary>
        </member>
        <member name="M:ZXing.BarcodeWriterExtensions.WriteAsBitmap(ZXing.IBarcodeWriterGeneric,System.String)">
            <summary>
            uses the BarcodeWriterGeneric implementation and the <see cref="T:ZXing.Android.Rendering.BitmapRenderer"/> class for decoding
            </summary>
            <param name="writer"></param>
            <param name="content"></param>
            <returns></returns>
        </member>
        <member name="T:ZXing.BitmapLuminanceSource">
            <summary>
            A class which calculates the luminance values of an android bitmap object
            </summary>
        </member>
        <member name="M:ZXing.BitmapLuminanceSource.#ctor(Android.Graphics.Bitmap)">
            <summary>
            Initializes a new instance of the <see cref="T:ZXing.BitmapLuminanceSource"/> class.
            </summary>
            <param name="bitmap">The bitmap.</param>
        </member>
        <member name="M:ZXing.BitmapLuminanceSource.#ctor(System.Int32,System.Int32)">
            <summary>
            Initializes a new instance of the <see cref="T:ZXing.BitmapLuminanceSource"/> class.
            </summary>
            <param name="width">The width.</param>
            <param name="height">The height.</param>
        </member>
        <member name="M:ZXing.BitmapLuminanceSource.CreateLuminanceSource(System.Byte[],System.Int32,System.Int32)">
            <summary>
            Should create a new luminance source with the right class type.
            The method is used in methods crop and rotate.
            </summary>
            <param name="newLuminances">The new luminances.</param>
            <param name="width">The width.</param>
            <param name="height">The height.</param>
            <returns></returns>
        </member>
    </members>
</doc>
